id,parents,battery,load,dataProbability
2,1,11418.292999,10.0,85.0
3,1,7466.108234,10.0,100.0
4,1,11416.605953,10.0,100.0
5,1,11853.566042,10.0,100.0
6,1,11834.107647,10.0,100.0
7,2,11424.312609,10.0,100.0
8,1,11838.646662,10.0,85.0
9,1,11774.878688,10.0,100.0
10,2,11877.577464,10.0,100.0
11,1,11836.320573,10.0,100.0
12,2,4084.205798,10.0,100.0
13,1,11871.891684,10.0,100.0
14,1,5730.132579,10.0,85.0
15,1,11855.840646,10.0,100.0
16,1,116867.25168,200.0,100.0
