id,parents,battery,load,dataProbability
2,1,4079.8245668000004,10.0,85.0
3,1,5536.4908716,10.0,100.0
4,1,6254.7391338,10.0,100.0
5,1,11852.5713766,10.0,100.0
6,1,11833.252138799999,10.0,100.0
7,2,3740.9441831999998,10.0,100.0
8,1,11838.2990304,10.0,85.0
9,1,11773.8840226,10.0,100.0
10,2,11876.67654,10.0,100.0
11,1,11839.667405,10.0,100.0
12,2,11658.2704338,10.0,100.0
13,1,11873.693532,10.0,100.0
14,1,11859.656487600001,10.0,85.0
15,1,11855.840646,10.0,100.0
16,1,116867.25168000002,200.0,100.0
