id,parents,battery,load,dataProbability
2,1,11634.2989445,10.0,85.0
3,1,11546.8751595,10.0,100.0
4,1,11559.7006205,10.0,100.0
5,1,11852.24049225,10.0,100.0
6,1,11833.063723250001,10.0,100.0
7,2,11710.327906499999,10.0,100.0
8,1,5716.52951425,10.0,85.0
9,1,11773.55313825,10.0,100.0
10,2,11876.4197535,10.0,100.0
11,1,11840.298958750001,10.0,100.0
12,2,11654.6786585,10.0,100.0
13,1,11874.143994,10.0,100.0
14,1,11858.738540999999,10.0,85.0
15,1,11855.840646,10.0,100.0
16,1,116867.25168,200.0,100.0
