id,parents,battery,load,dataProbability
2,1,6043.38718,10.0,85.0
3,1,7090.68543,10.0,100.0
4,1,7628.039038,10.0,100.0
5,1,11852.632982,10.0,100.0
6,1,11833.089185,10.0,100.0
7,2,5851.608573,10.0,100.0
8,1,11838.28305,10.0,85.0
9,1,11773.945628,10.0,100.0
10,2,11876.85024,10.0,100.0
11,1,6701.745664,10.0,100.0
12,2,11658.016438,10.0,100.0
13,1,4309.806433,10.0,100.0
14,1,11859.4455,10.0,85.0
15,1,11855.840646,10.0,100.0
16,1,116867.25168,200.0,100.0
