id,parents,battery,load,dataProbability
2,1,4468.76562,10.0,85.0
3,1,5831.5295975,10.0,100.0
4,1,6488.17976,10.0,100.0
5,1,11852.22675525,10.0,100.0
6,1,11832.783646250002,10.0,100.0
7,2,4163.1180695,10.0,100.0
8,1,11838.250047,10.0,85.0
9,1,11773.53940125,10.0,100.0
10,2,11876.4087525,10.0,100.0
11,1,5243.80707,10.0,100.0
12,2,11656.9934305,10.0,100.0
13,1,11874.2566095,10.0,100.0
14,1,11859.3033555,10.0,85.0
15,1,11855.840646,10.0,100.0
16,1,116867.25168,200.0,100.0
