id,parents,battery,load,dataProbability
2,1,11632.052481,10.0,85.0
3,1,11547.312073,10.0,100.0
4,1,5902.687577,10.0,100.0
5,1,11852.700204,10.0,100.0
6,1,4239.534,10.0,100.0
7,2,11709.041049,10.0,100.0
8,1,11838.874788,10.0,85.0
9,1,11774.01285,10.0,100.0
10,2,11876.779602,10.0,100.0
11,1,11840.74049,10.0,100.0
12,2,11651.009662,10.0,100.0
13,1,11874.594456,10.0,100.0
14,1,11857.711974,10.0,85.0
15,1,11855.840646,10.0,100.0
16,1,116867.25168,200.0,100.0
